{
  "original_galleries": [
    {
      "id": 1,
      "nome": "ARTCOURT Gallery",
      "nome_jp": "アートコート・ギャラリー",
      "categoria": "Arte Contemporanea",
      "citta": "Osaka",
      "indirizzo": "1-8-5 Tenmabashi, Kita-ku, Osaka, 530-0042",
      "coordinate": {"lat": 34.6937, "lng": 135.5022},
      "sito_web": "https://www.artcourtgallery.com",
      "tipo_arte": ["Contemporary Art", "Conceptual Art", "Gutai Group"],
      "descrizione": "Galleria specializzata in arte contemporanea giapponese con focus su gruppo Gutai e artisti concettuali",
      "anno_fondazione": 2003,
      "orari": "Non specificato",
      "contatti": "+81(0)6-6354-5444",
      "note": "Ha anche una sede viewing room a Kyoto"
    },
    {
      "id": 2,
      "nome": "Tezukayama Gallery",
      "nome_jp": "帝塚山ギャラリー",
      "categoria": "Artisti Emergenti",
      "citta": "Osaka",
      "indirizzo": "Minami Horie 1-19-27 2F, Nishi-ku, Osaka",
      "coordinate": {"lat": 34.6766, "lng": 135.4946},
      "sito_web": "https://tezukayama-g.com",
      "tipo_arte": ["Contemporary Art", "Emerging Artists"],
      "descrizione": "Galleria specializzata in artisti giapponesi emergenti e arte contemporanea",
      "anno_fondazione": null,
      "orari": "Non specificato",
      "contatti": "+81 6 6534 3993",
      "note": "Focus su artisti giapponesi emergenti"
    },
    {
      "id": 3,
      "nome": "MtK Contemporary Art",
      "nome_jp": "MtK コンテンポラリーアート",
      "categoria": "Arte Contemporanea",
      "citta": "Kyoto",
      "indirizzo": "20-1 Okazaki Minamigoshocho, Sakyo-ku, Kyoto City",
      "coordinate": {"lat": 35.0174, "lng": 135.7821},
      "sito_web": "https://mtkcontemporaryart.com",
      "tipo_arte": ["Contemporary Art"],
      "descrizione": "Piattaforma per artisti principalmente di Kyoto per elevare la città come epicentro culturale",
      "anno_fondazione": 2021,
      "orari": "10:00-18:00 (Chiuso domenica)",
      "contatti": "Non specificato",
      "note": "Focus su artisti di Kyoto"
    }
  ],
  "expanded_galleries": []
}