{
  "metadata": {
    "total_galleries": 6,
    "verified_urls": 6,
    "failed_urls": 0,
    "last_updated": "2025-05-27 10:00:00",
    "sources": ["Sample Data"]
  },
  "galleries": [
    {
      "id": 1001,
      "nome": "Tokyo Expanded Gallery 1",
      "nome_jp": "東京エクスパンデッドギャラリー1",
      "categoria": "Arte Contemporanea",
      "citta": "Tokyo",
      "indirizzo": "1-2-3 Roppongi, Tokyo",
      "coordinate": {
        "lat": 35.6641,
        "lng": 139.7305
      },
      "website": "https://example.com/tokyo-exp1",
      "tipo_arte": [
        "Contemporary Art",
        "Digital Art"
      ],
      "descrizione": "Galleria d'arte contemporanea espansa a Tokyo",
      "anno_fondazione": 2020,
      "orari": "10:00-18:00",
      "contatti": "info@example.com",
      "verificato": true
    },
    {
      "id": 1002,
      "nome": "Tokyo Expanded Gallery 2",
      "nome_jp": "東京エクスパンデッドギャラリー2",
      "categoria": "Internazionale",
      "citta": "Tokyo",
      "indirizzo": "4-5-6 Akihabara, Tokyo",
      "coordinate": {
        "lat": 35.7026,
        "lng": 139.7741
      },
      "website": "https://example.com/tokyo-exp2",
      "tipo_arte": [
        "Contemporary Art",
        "Video Art"
      ],
      "descrizione": "Galleria internazionale espansa a Tokyo",
      "anno_fondazione": 2021,
      "orari": "11:00-19:00",
      "contatti": "info@example.com",
      "verificato": true
    },
    {
      "id": 1003,
      "nome": "Osaka Expanded Gallery 1",
      "nome_jp": "大阪エクスパンデッドギャラリー1",
      "categoria": "Arte Contemporanea",
      "citta": "Osaka",
      "indirizzo": "7-8-9 Umeda, Osaka",
      "coordinate": {
        "lat": 34.7038,
        "lng": 135.4981
      },
      "website": "https://example.com/osaka-exp1",
      "tipo_arte": [
        "Photography",
        "Sculpture"
      ],
      "descrizione": "Galleria d'arte contemporanea espansa a Osaka",
      "anno_fondazione": 2019,
      "orari": "10:30-18:30",
      "contatti": "info@example.com",
      "verificato": true
    },
    {
      "id": 1004,
      "nome": "Kyoto Expanded Gallery 1",
      "nome_jp": "京都エクスパンデッドギャラリー1",
      "categoria": "Artisti Emergenti",
      "citta": "Kyoto",
      "indirizzo": "10-11-12 Kiyomizu, Kyoto",
      "coordinate": {
        "lat": 35.0032,
        "lng": 135.7855
      },
      "website": "https://example.com/kyoto-exp1",
      "tipo_arte": [
        "Modern Art",
        "Installation"
      ],
      "descrizione": "Galleria per artisti emergenti espansa a Kyoto",
      "anno_fondazione": 2018,
      "orari": "9:30-17:30",
      "contatti": "info@example.com",
      "verificato": true
    },
    {
      "id": 1005,
      "nome": "Yokohama Expanded Gallery 1",
      "nome_jp": "横浜エクスパンデッドギャラリー1",
      "categoria": "Spazi Alternativi",
      "citta": "Yokohama",
      "indirizzo": "13-14-15 Minato Mirai, Yokohama",
      "coordinate": {
        "lat": 35.4531,
        "lng": 139.6309
      },
      "website": "https://example.com/yokohama-exp1",
      "tipo_arte": [
        "Experimental Art",
        "Performance"
      ],
      "descrizione": "Spazio alternativo espanso a Yokohama",
      "anno_fondazione": 2022,
      "orari": "12:00-20:00",
      "contatti": "info@example.com",
      "verificato": true
    },
    {
      "id": 1006,
      "nome": "Nagoya Expanded Gallery 1",
      "nome_jp": "名古屋エクスパンデッドギャラリー1",
      "categoria": "Artist Residency",
      "citta": "Nagoya",
      "indirizzo": "16-17-18 Sakae, Nagoya",
      "coordinate": {
        "lat": 35.1695,
        "lng": 136.9069
      },
      "website": "https://example.com/nagoya-exp1",
      "tipo_arte": [
        "Contemporary Art",
        "Multimedia"
      ],
      "descrizione": "Residenza per artisti espansa a Nagoya",
      "anno_fondazione": 2023,
      "orari": "10:00-18:00",
      "contatti": "info@example.com",
      "verificato": true
    }
  ]
}