{
  "gallerie_giapponesi": [
    {
      "id": 1,
      "nome": "Tokyo Gallery 1",
      "nome_jp": "東京ギャラリー1",
      "categoria": "Arte Contemporanea",
      "citta": "Tokyo",
      "indirizzo": "1-2-3 Shibuya, Tokyo",
      "coordinate": { "lat": 35.6594, "lng": 139.7005 },
      "sito_web": "https://example.com/tokyo1",
      "tipo_arte": ["Arte contemporanea", "Fotografia"],
      "descrizione": "Galleria d'arte contemporanea a Tokyo",
      "anno_fondazione": 2010,
      "orari": "10:00-18:00",
      "contatti": "info@example.com",
      "verificato": true
    },
    {
      "id": 2,
      "nome": "Tokyo Gallery 2",
      "nome_jp": "東京ギャラリー2",
      "categoria": "Artisti Emergenti",
      "citta": "Tokyo",
      "indirizzo": "4-5-6 Shinjuku, Tokyo",
      "coordinate": { "lat": 35.6935, "lng": 139.7035 },
      "sito_web": "https://example.com/tokyo2",
      "tipo_arte": ["Installazioni", "Performance"],
      "descrizione": "Galleria dedicata agli artisti emergenti a Tokyo",
      "anno_fondazione": 2015,
      "orari": "11:00-19:00",
      "contatti": "info@example.com",
      "verificato": true
    },
    {
      "id": 3,
      "nome": "Osaka Gallery 1",
      "nome_jp": "大阪ギャラリー1",
      "categoria": "Artisti Emergenti",
      "citta": "Osaka",
      "indirizzo": "4-5-6 Namba, Osaka",
      "coordinate": { "lat": 34.6691, "lng": 135.5023 },
      "sito_web": "https://example.com/osaka1",
      "tipo_arte": ["Installazioni", "Pittura"],
      "descrizione": "Galleria dedicata agli artisti emergenti a Osaka",
      "anno_fondazione": 2015,
      "orari": "11:00-19:00",
      "contatti": "info@example.com",
      "verificato": true
    },
    {
      "id": 4,
      "nome": "Kyoto Gallery 1",
      "nome_jp": "京都ギャラリー1",
      "categoria": "Università",
      "citta": "Kyoto",
      "indirizzo": "7-8-9 Gion, Kyoto",
      "coordinate": { "lat": 35.0044, "lng": 135.7747 },
      "sito_web": "https://example.com/kyoto1",
      "tipo_arte": ["Arte tradizionale", "Scultura"],
      "descrizione": "Galleria universitaria a Kyoto",
      "anno_fondazione": 2005,
      "orari": "9:00-17:00",
      "contatti": "info@example.com",
      "verificato": true
    }
  ]
}